title,content,language,published_at,author,source_url
某市发布公共交通优化方案,某市交通委今日发布2026年公共交通优化方案，计划新增三条地铁接驳线路，并在早晚高峰加密公交班次。方案将于下月起分批实施。,zh,2026-09-01,某市交通委,https://example.gov.cn/a/1001
关于调整政务服务大厅办公时间的通知,自2026年10月1日起，某市政务服务大厅办公时间调整为工作日上午9:00至12:00、下午13:30至17:30，周六上午提供预约服务。,zh,2026-09-05,某市政务服务中心,https://example.gov.cn/a/1002
某区启动第三批老旧小区改造,某区住建部门宣布启动第三批老旧小区改造，涉及12个小区、约3800户居民，主要包括外墙保温、管线更新和加装电梯。,zh,2026-09-08,某区住建局,https://example.gov.cn/a/1003
市图书馆延长开放时间,为满足市民阅读需求，市图书馆自本月起将开放时间延长至每日21:00，并新增夜间自习区200个座位。,zh,2026-09-10,市图书馆,https://example.gov.cn/a/1004
秋季学期中小学课后服务实现全覆盖,某市教育局表示，秋季学期全市中小学课后服务实现全覆盖，内容涵盖作业辅导、体育活动和兴趣社团。,zh,2026-09-12,某市教育局,https://example.gov.cn/a/1005
城市供水管网检修公告,因管网检修，某市部分区域将于9月18日8:00至18:00临时停水，请相关居民提前储备用水。,zh,2026-09-15,某市自来水公司,https://example.gov.cn/a/1006
社区食堂为老年人提供助餐服务,某街道社区食堂本月起为辖区70岁以上老人提供助餐服务，每餐两荤一素，可通过社区App预约。,zh,2026-09-02,某街道办事处,https://example.org.cn/b/2001
免费健康体检活动走进社区,某社区卫生服务中心开展免费健康体检活动，项目包括血压、血糖、心电图等，居民可凭身份证预约。,zh,2026-09-04,某社区卫生服务中心,https://example.org.cn/b/2002
气象部门发布寒潮蓝色预警,气象部门发布寒潮蓝色预警，预计未来48小时气温下降8至10摄氏度，请市民注意添衣保暖。,zh,2026-09-16,某市气象台,https://example.org.cn/b/2003
助农直播帮助果农销售晚熟苹果,某县组织助农直播活动，帮助当地果农销售晚熟苹果，首场直播成交约2万斤。,zh,2026-09-18,某县农业农村局,https://example.org.cn/b/2004
老城区供水管网改造完成,某市完成老城区供水管网改造，累计更换管道37公里，惠及居民约1.2万户。,zh,2026-09-20,某市水务集团,https://example.org.cn/b/2005
志愿者开展河道垃圾清理活动,周末，某区组织200余名志愿者开展河道垃圾清理活动，共清理河道3公里，清运垃圾约1.5吨。,zh,2026-09-21,某区文明办,https://example.org.cn/b/2006
某高校开设人工智能通识课程,某高校本学期面向全体本科生开设人工智能通识课程，内容涵盖基本原理、伦理规范与典型应用场景。,zh,2026-09-03,某高校教务处,https://example.edu.cn/c/3001
青少年科技创新大赛启动报名,第38届青少年科技创新大赛正式启动报名，设工程、计算机、环境科学等六个类别，报名截止10月15日。,zh,2026-09-06,某市科协,https://example.edu.cn/c/3002
科普讲座走进中学校园,某市科协组织科普讲座进校园活动，首场以航天与生活为主题，吸引300余名学生参加。,zh,2026-09-09,某市科协,https://example.edu.cn/c/3003
免费职业技能培训开放报名,某区人社局推出免费职业技能培训，涵盖电工、养老护理、家政服务等工种，报名截止本月底。,zh,2026-09-11,某区人社局,https://example.edu.cn/c/3004
某县完成中小学数字化教学设备更新,某县完成32所中小学数字化教学设备更新，配备互动黑板与录播教室，覆盖学生约1.8万人。,zh,2026-09-13,某县教育局,https://example.edu.cn/c/3005
高校图书馆试行向校外读者开放,某高校图书馆试行向校外读者开放，每周提供200个预约名额，可借阅部分公共类图书。,zh,2026-09-17,某高校图书馆,https://example.edu.cn/c/3006
网友讨论滨河绿道照明问题,有网友反映，某市新建成的滨河绿道环境宜人，但部分路段照明不足，希望增加路灯并延长亮灯时间。,zh,2026-09-19,某本地论坛,https://example.net/d/4001
居民建议利用边角空地增设停车位,居民在社区平台上建议，利用小区边角空地增设临时停车位，缓解夜间停车难问题。,zh,2026-09-22,某社区平台,https://example.net/d/4002
市民点赞一网通办便捷度提升,多位市民表示，一网通办上线后办理社保、公积金等业务明显便捷，平均办理时间缩短约一半。,zh,2026-09-23,某市大数据局,https://example.net/d/4003
关于外卖包装减量的讨论,有网友提出，外卖包装过度使用一次性餐具，建议平台在下单页默认不勾选餐具选项。,zh,2026-09-24,某本地论坛,https://example.net/d/4004
家长交流孩子课外阅读书单,家长们在社区论坛分享孩子课外阅读书单，讨论如何培养长期阅读习惯与自主选书能力。,zh,2026-09-25,某家长社区,https://example.net/d/4005
游客建议景区增设休息区,有游客建议，某景区在登山步道沿线增设休息座椅和饮水点，方便老人和儿童中途休整。,zh,2026-09-26,某旅游平台,https://example.net/d/4006
居民反映夜间施工噪音问题已解决,居民此前反映夜间施工噪音，经相关部门协调后，施工时间已调整至白天，噪音问题得到缓解。,zh,2026-09-27,某街道办事处,https://example.net/d/4007
网友分享家庭垃圾分类小技巧,有网友分享家庭垃圾分类经验，建议在厨房设置两个小桶分别收集厨余垃圾和其他垃圾。,zh,2026-09-28,某本地论坛,https://example.net/d/4008
非遗技艺进校园活动举办,某市开展非遗技艺进校园活动，邀请剪纸、扎染传承人现场教学，共有600余名学生参与体验。,zh,2026-09-07,某市文化馆,https://example.org.cn/e/5001
地方戏曲展演周开幕,地方戏曲展演周在市文化馆开幕，共有8个剧团带来16场演出，部分场次提供线上直播。,zh,2026-09-14,某市文化馆,https://example.org.cn/e/5002
城市摄影展记录老街三十年变迁,城市摄影展在市美术馆开展，展出120幅记录老街三十年变迁的作品，展期一个月。,zh,2026-09-29,某市美术馆,https://example.org.cn/e/5003
图书馆举办古籍修复体验活动,市图书馆举办古籍修复体验活动，读者可近距离了解修复工具、纸张选择与基本流程。,zh,2026-09-30,市图书馆,https://example.org.cn/e/5004
某地发布新政策,,zh,2026-09-01,某地政府,https://example.gov.cn/x/1
待补充正文的稿件,,zh,2026-09-02,某编辑部,https://example.gov.cn/x/2
标题正常但正文为空,,zh,2026-09-03,某地宣传部门,https://example.gov.cn/x/3
内容只有空格的样本,,zh,2026-09-04,某地政府,https://example.gov.cn/x/4
某市发布公共交通优化方案,某市交通委今日发布2026年公共交通优化方案，计划新增三条地铁接驳线路，并在早晚高峰加密公交班次。方案将于下月起分批实施。,zh,2026-09-01,某市交通委,https://example.gov.cn/a/1001
日期格式不规范的样本,本条样本的发布时间写成了中文年月日格式，用于测试日期解析与归一化。,zh,2026年9月20日,某地政府,https://example.gov.cn/x/6
日期无法识别的样本,本条样本的发布时间写成了无法识别的文字，用于测试兜底逻辑。,zh,昨天下午,某地政府,https://example.gov.cn/x/7
语言字段异常,本条样本的语言字段填写了无效值，用于测试语言归一化。,火星文,2026-09-08,某地政府,https://example.gov.cn/x/8
,本条样本没有标题，但正文完整。标题属于可选字段，应当保留并标记而不是丢弃。,zh,2026-09-09,某地政府,https://example.gov.cn/x/9
含特殊字符的样本 ①②③,本条样本包含特殊字符：★☆◆◇■□▲△、表情符号 😀🎉、以及全角数字１２３，用于测试字符处理。,zh,2026-09-10,某地政府,https://example.gov.cn/x/10
