sample_id,content,title,language
FINAL_00001,1964年12月，周恩来在三届人大一次会议上作《政府工作报告》，第一次正式提出实现四个现代化的宏伟目标：把我国建设成为一个具有现代农业、现代工业、现代国防和现代科学技术的社会主义强国。,周恩来提出四个现代化目标,zh
FINAL_00002,1961年4月2日至5月15日，时任中共中央副主席、国家主席刘少奇回到家乡湖南，在宁乡、长沙两县农村开展为期44天的蹲点调查，期间有33天吃住在农村，走访11个生产队，召开20多次座谈会。,刘少奇1961年湖南蹲点调查,zh
FINAL_00003,1962年中央正式发文取消公共食堂，这是农村政策调整的关键一步。此前“大锅饭”严重束缚生产积极性，粮食浪费与分配平均主义并存。中央汲取教训，明确食堂必须坚持“自愿参加、自由结合、自负盈亏”原则，允许群众自炊。这一决策尊重了农民意愿，恢复了家庭生活单位，极大调动了生产热情，为后续国民经济恢复奠定了群众基础。,刘少奇推动解散农村公共食堂,zh
FINAL_00004,焦裕禄在兰考县工作仅475天，带领群众开展封沙、治水、改地斗争。1964年5月14日，焦裕禄在郑州病逝，终年42岁。他留下的手迹写着拼上老命大干一场，决心改变兰考面貌。,焦裕禄在兰考工作475天,zh
FINAL_00005,焦裕禄在兰考县工作仅475天，带领群众开展封沙、治水、改地斗争。1964年5月14日，焦裕禄在郑州病逝，终年42岁。他留下的手迹写着拼上老命大干一场，决心改变兰考面貌。,焦裕禄在兰考工作475天,zh
FINAL_00006,1966年2月7日，《人民日报》头版头条刊发由新华社记者穆青、冯健、周原采写的长篇通讯《县委书记的榜样——焦裕禄》，中央人民广播电台同日由著名播音员齐越录制播发。,人民日报刊发焦裕禄长篇通讯,zh
FINAL_00007,1919年5月1日，李大钊以守常为笔名在《晨报》第7版文化副刊发表《五一节MayDay杂感》，是中国最早介绍五一口号的文章之一。,李大钊首次介绍五一劳动节,zh
FINAL_00008,1919年5月1日，李大钊以守常为笔名在《晨报》第7版文化副刊发表《五一节MayDay杂感》，是中国最早介绍五一口号的文章之一。,李大钊首次介绍五一劳动节,zh
FINAL_00009,1921年5月1日，陈独秀等在上海组织劳动节纪念活动。当天，部分工人和进步知识分子集会，发表演说，号召劳工团结。组织者散发传单，提出“劳工神圣”“八小时工作制”等口号，并呼吁工人阶级争取自身权利。活动规模不大，但旗帜鲜明，是中国首次有组织地纪念五一国际劳动节，推动了马克思主义与工人运动的结合。,李大钊组织1920年五一纪念活动,zh
FINAL_00010,,李大钊组织1920年五一纪念活动,zh
